{"cameraMode":{"drawMode":0,"name":"Shaded","section":"Shading Mode"},"sceneLighting":true,"audioPlay":false,"sceneViewState":{"m_AlwaysRefresh":false,"showFog":true,"showSkybox":true,"showFlares":true,"showImageEffects":true,"showParticleSystems":true,"showVisualEffectGraphs":true,"m_FxEnabled":true},"in2DMode":false,"pivot":{"x":544.6963500976563,"y":1.8469266891479493,"z":398.4919128417969},"rotation":{"x":0.5529524683952332,"y":0.0012494921684265137,"z":-0.0008296198793686926,"w":0.8332227468490601},"size":482.3513488769531,"orthographic":true}